City,TuitionFees,AvgSalary,Apps
0,10155.7880756701,41618.2859013767,120.591035378101
0,7950.17550312664,32762.3582038817,70.7115266223173
1,9850.02901317332,40539.6772712328,128.991181112423
0,7438.52897395629,30723.4339276572,90.4286820101244
0,7965.38614866867,33036.2371319959,96.139178490915
0,11881.7025059519,48468.729236802,108.344830139234
1,10146.0715148977,41697.9672177916,115.899023842385
0,9585.1041767469,39234.1449074462,103.573053924198
0,10167.4600525456,41640.3142017675,99.7408011515519
0,9312.03805322375,38391.3807924567,97.7802192001062
0,12123.4779026758,49406.5268825718,112.055288460646
0,10429.7869858685,42676.1393152216,96.7609060882313
1,9792.18719882223,40246.8571727254,122.708114974756
0,8727.73095108303,35821.1182296514,78.0815760718262
0,8643.86494114879,35406.7252298078,102.236387455041
1,12405.8793582108,50534.8534500188,150.420776302497
0,10292.9324416972,42334.1012270088,96.7679441663004
0,6124.41357960929,25511.227551543,72.4792799754011
0,7716.60748691058,32172.4099288468,86.3836567259745
0,9425.80349330703,38792.713010795,96.2731268877307
1,9229.95152579486,38099.9953998283,119.361034746631
0,8941.96501684617,36695.9300718966,87.6722103144727
0,6557.94166580125,27075.6888600883,64.8651934272423
0,11557.0300499951,47331.8882055917,100.144638062115
0,9855.20439268433,40262.9084382199,100.821900680584
1,10095.3622882733,41386.2673248404,134.497898645571
0,8324.44067936014,34432.3058785719,100.567002300757
0,8238.1469438827,33786.3815017607,72.6247237492783
0,7849.76307580809,32500.6862171382,68.5628604983492
1,10187.3438834263,41660.3795847446,100.897478485833
0,10179.1019792669,41731.8272821606,126.749231634492
0,7275.81473058196,30239.1452384668,107.167938511119
0,11372.7945475069,46572.5661632969,128.384665309925
1,9771.72462758127,40089.5055617954,114.242350310661
0,9875.81376782714,40419.9193124248,96.6020694513599
0,6351.17610376446,26440.6400319187,83.4100206757586
0,8559.95304759866,35221.5327307687,83.3459738372863
0,7551.96608731486,31012.3224732175,95.6425369302985
1,8373.76489038284,34458.0158172729,119.84464092768
0,8116.64160614163,33470.4300528327,78.6133133523312
0,9249.18690743715,38056.4723292477,94.1479619321429
0,10236.5104943439,42139.915906118,106.725145818159
0,7332.19549175432,30383.6258727006,72.3589407224577
0,7606.97382851016,31268.6419142642,84.1125077637992
1,8979.05719657023,36832.8287497347,106.067111211171
0,6199.49812239909,25871.9945914663,80.8764868389268
0,10007.2135647506,41064.2430778787,110.964311683954
0,8754.68867801575,36088.6886567111,90.6424370516699
0,10038.0934578423,41112.5586087851,96.6144121308178
1,7691.77074704082,31875.3044350243,104.849034955723
0,7666.62039654287,31682.8036065562,89.9272249780869
0,8595.94390435511,35245.9023021595,95.3680591198997
0,8088.50996886578,33403.5295820489,96.6659828547017
1,10210.7115210427,41705.1144081797,112.996920773318
0,7939.35590379677,32847.4346453698,74.2441047237276
1,12043.4227701568,49119.4684627241,135.128040447931
1,8962.14113268403,36908.3886821433,112.563457531561
0,7045.16461133238,29134.2206175923,84.5783579030131
0,10954.7636836596,44790.9839257779,109.50670550231
1,8469.85754349043,34888.7485306119,116.691282436898
0,10409.3413315446,42785.7639501557,112.916180766434
0,7624.3845777576,31639.3231477478,101.311854562054
1,10026.6057871396,41146.8809877749,115.761898832942
0,9894.72879939971,40459.3644551993,100.153235047325
0,10686.7297918126,43667.7477466332,95.4957516497059
0,7354.80865503376,30354.3760553794,83.9623313989509
0,10807.7186053573,44381.6811765922,120.407595554924
0,9331.64617382481,38351.1307479242,106.144593127332
1,9275.59140135289,38271.9120618974,113.460283588346
1,6416.27465862408,26599.3125232479,89.6782330345222
0,10224.0308746318,42101.6064063124,96.972605198625
1,10048.1269947076,40963.8360022256,122.674201440852
1,9511.08426490286,39012.9509152126,116.393706238747
0,6640.70342962109,27654.2312272463,103.026113071474
0,10763.7050635354,43985.8758688595,122.026286591396
0,11994.1910132739,49014.0246979074,97.1329604663686
0,5512.06877347237,23198.1156775976,85.8910539315493
0,9269.52453095021,38151.8299719969,81.7930231647027
0,9621.593861468,39670.6036935689,91.3176140280489
0,11338.9054266606,46284.1516263881,129.441644287313
0,9928.44403667894,40615.506844958,95.0310948845311
1,7645.58099631517,31691.9383765955,106.57771196986
0,8822.81002763695,36172.6070085966,98.2611750826547
0,6732.32960451469,28028.5814702438,61.6483262983199
0,6358.15162737192,26517.9752888473,88.8450969309252
1,5666.28302922369,23647.0784538004,81.6012896519048
0,10056.1986731642,41119.1985219639,85.7411938660542
0,8931.55454953888,36571.3523208567,76.9989926092253
1,8765.59711526909,35982.7512780635,114.874634835288
0,8582.81891455921,35311.8363514989,84.5675127728325
0,10629.0916337352,43620.2777955076,120.386015988588
0,7044.11718377219,29256.9872890675,83.3257334891455
0,8391.85165097245,34539.2845307818,92.2516648406533
1,9538.16718242629,39038.6585439657,104.091591688144
0,6582.7139752689,27369.8779270354,75.3262816459321
0,8165.64869877303,33511.2590388257,94.6647389720802
0,9717.84776443402,39938.6291203109,86.5106421547296
1,10076.4502869513,41324.155665854,119.248317868129
0,8747.54544622627,35945.6060542133,97.2529471067501
0,9752.70737475713,39955.403275946,110.412924655067
1,7190.44729016524,29760.6271241108,88.3494726561047
0,8599.93325250235,35196.1833334357,87.4379035671271
0,8854.35598735307,36555.4905296586,103.278856653356
0,9804.71501204918,40117.5955847056,87.6112594212265
1,10213.6576928001,41836.481065362,119.573586343733
0,9177.33237881585,37734.4071133592,79.2466814887009
0,8445.83692472674,34917.051494707,98.9438168852101
1,8094.1577429865,33394.3468239213,100.083184942703
0,9296.62608678232,38241.9718177393,99.4835911302547
1,9897.64430847304,40727.5595531427,113.370340764657
1,9354.79282666531,38564.3711794235,113.329160370824
0,8997.30539811139,36806.6461837218,83.8716584064397
0,8502.27629145283,34925.0184384047,83.8266577320914
0,9517.56216079659,38962.7150108313,84.1756385816563
0,8667.05491248868,35687.7617440422,114.206113119063
1,11668.5991322221,47562.2454328322,139.276444529056
0,8814.14655876568,36178.4522205199,106.258713543195
0,5716.54514948314,23856.5817001855,72.2728438815333
0,7648.79559481801,31603.7506323646,94.0053005122006
0,7990.34105998408,32969.8371763339,66.4708948992002
0,6318.64184835711,26396.6368802013,93.4593369806756
1,9731.31087372172,39880.4264489836,105.279220136532
1,8867.2607775628,36535.1323710465,102.787020028725
0,6540.53589192351,27075.1828363205,84.0325268065487
0,8847.8244138706,36373.8673731971,92.140629212566
0,9934.20321226419,40835.3242581218,97.8577600806023
0,6458.61916195133,26849.7778053444,79.055636129994
0,12083.8224800228,49292.5375643697,118.504231345007
0,9664.20956329453,39838.1608446271,98.3049706250015
0,9004.74265956925,36959.4447886472,85.691288345784
0,12972.1286437489,52778.7567747728,113.597368071776
1,7092.78829700529,29492.3809257123,116.64535604587
1,7455.31525907204,30892.4582878802,95.6812099263247
0,12972.7418094574,52882.4436396347,115.620260839098
1,10432.7061330562,42641.7853963858,118.41293943835
1,7836.06167119357,32281.4032946013,119.133465887102
1,9709.12451648065,39827.8468490101,111.222168157696
1,9621.5942686396,39651.2650722875,115.64366183762
1,9546.39142200795,39251.3985337154,100.678842256889
0,10512.2513170968,43161.6367465085,118.314816469126
0,10639.9235387795,43683.9203255761,94.3693674107213
0,7980.49747498389,33121.8176311814,101.351102600951
0,12509.6606454764,51069.420996565,118.376325637485
0,9442.63583232032,38773.1434112667,90.080307698763
0,9492.85023971945,38960.0815329412,100.175303379038
0,9137.77631022979,37582.2258102855,82.9971940105357
0,10446.3232717867,42612.3493959677,79.2545178856597
0,8698.30096137349,35875.4450919635,106.423188491899
0,9485.64413741013,39022.8406284122,122.019160261076
1,11044.8415098771,45150.2133372614,139.828450021912
0,11919.3891603909,48507.1106111972,124.490553971268
0,8837.06088216222,36232.4709985672,71.1462797923767
0,8940.91194969811,36694.3648636353,80.6153095393844
1,7711.6509642601,31752.0155521894,96.6847800152606
1,10326.0513813718,42385.2756870889,149.615153450401
0,6108.71766882816,25536.0040514538,66.5428099147012
0,7283.94026523674,30101.5176960127,78.6153367843511
0,8641.52498006619,35633.7044937688,109.314543783273
1,5861.2865121306,24495.3271135225,106.323647299874
0,10223.8906100686,41763.6747962618,103.345348547104
0,9964.66466229995,40955.6947834047,96.8298553260318
0,9559.32418433341,39033.1742775593,77.8741762435671
0,9247.83337696174,38010.007688308,100.526127400146
0,8778.69610696737,36076.1617458846,88.163110521963
1,9777.2860135523,40075.4878977595,117.863513733612
0,10936.8766784238,44728.9874066448,95.6196190138943
0,7417.15319620072,30645.6350314638,75.0835112651119
0,10222.0652140612,41835.4476495482,88.887187886754
0,8118.66985714397,33427.4180866204,78.7817836517316
0,7022.38284141146,28943.7168951305,71.8542328722018
0,11201.7035763442,45864.9466628037,111.808027657889
0,7665.96426310679,31705.1216492336,84.4496590072073
0,8680.10563108863,35747.0793044763,85.1103124604987
1,7071.07970053348,29545.6210625255,108.993646558711
1,10067.4460186396,41147.4986185465,121.721813026734
0,7219.46600321681,29869.4117315922,92.7016604538053
0,7300.76095240187,30178.7869404847,82.1125836428076
0,7275.19712475266,29969.2482866509,69.8194968961757
0,9198.10128182069,37759.2433769069,103.615453520164
0,11788.4126907337,48192.0695694466,122.127268482015
1,9565.06444448552,39464.6811159807,111.539655544668
0,9319.87029263579,38456.5584669479,109.503722736768
0,10934.7002468472,44915.6396198343,112.719879010721
0,9011.03324867205,37063.3421078152,91.2330753665222
1,8357.50705099529,34509.6033267618,117.276806530271
1,8400.03355522519,34448.0728416271,99.0891532354396
0,10561.0152296801,43284.4393846363,124.226006639406
0,7164.71051675817,29778.7847197554,65.2430789778535
0,6734.30108617139,28076.7214456116,76.9469569016485
0,9112.24530183738,37575.4716960293,81.127514035447
1,9836.15757993345,40275.7027298335,99.0586506571701
0,11687.9148780055,47839.8419527445,120.12659599951
1,6978.58947760637,28922.3273282928,93.3865956629817
0,7074.66836355331,29296.4654767088,108.947519859294
0,8487.74897723251,34882.5847831615,97.0042191255145
0,4519.73391538936,18998.5498293406,67.1546682144595
1,7106.33037945281,29569.219456349,105.560683714128
0,11727.9452890079,47864.996660113,107.873504531629
0,8311.12932783699,34242.0771635903,96.295241175159
0,10073.8705452912,41325.9712936386,117.168728815139
0,8823.44802860104,36465.4998572483,94.6592685962572
0,10867.5129204561,44499.45528453,106.744552910343
0,10396.6829834035,42776.4062734789,101.643821802619
0,12426.855177769,50568.2518749578,98.1689530985573
1,7904.77205289148,32543.5688754234,109.857280523921
0,8182.24259029379,33670.0137915695,79.8494954444881
1,10496.7759624818,42850.3770490716,131.813009860509
0,11291.1844569339,46036.2228998762,92.4739154515028
0,8865.45506032174,36602.4907573098,95.2808169482725
0,10093.2276007936,41481.5271296746,111.440480176302
0,8996.49375762254,37067.919438135,84.8365726729349
0,8793.30390498732,36040.4284996678,103.043468469679
0,10471.625518176,42903.6502837761,101.698170062419
0,8000.66646643653,32909.9840213585,80.3033040999439
0,8478.12051773517,34793.6103220639,91.7885506225204
1,9660.40122950525,39642.3619911966,128.712497901356
1,7339.95569009935,30273.397688679,97.1859625904021
0,9616.43260470802,39529.6932808759,90.9702434558315
0,8551.2416691928,35272.9711655716,93.297382382246
0,7123.30159080747,29507.3413076136,82.7064932216287
0,7627.81731267988,31598.7147979141,80.4906077967993
0,9393.99515744859,38551.3335925427,93.8034608404451
0,9317.61341740114,38279.6519754273,103.087957070749
1,8161.9437509078,33624.9770331766,126.856266097916
0,8635.90169349644,35396.3550129047,104.309960877953
0,8313.08462570034,34369.7581594848,74.8521059404331
1,9735.10171075699,39947.328015964,116.598031407174
1,9361.48290314022,38508.5945790939,117.900424479118
0,6043.35148108702,25242.0118563838,85.504776922086
0,8102.5923145614,33420.6142902661,90.4293902126713
0,11423.3146797379,46811.1573055439,109.135699084075
1,12435.6358709985,50619.1780031237,140.737091648285
0,8497.65433324797,34981.1113834958,85.5647095154215
0,8511.01016453529,35139.1877560167,104.531439128932
0,9740.0456093976,39978.6278642485,116.682955439031
1,7741.39135932194,32039.1028096396,110.79393525078
0,10058.9799993557,41473.5511784085,120.270123744044
0,11950.8795728705,48593.303106548,96.409338327331
0,8188.22067894995,33672.4014037055,83.3776590780803
0,11002.1256033619,44884.3448921362,103.542007796094
0,9424.96711657048,38626.0424824475,116.029772831529
0,9325.62616273261,38234.8814941791,81.8483572527041
0,10773.3596014023,44051.2503143724,90.4037689906229
0,7798.04153348226,32039.5173121916,64.8434236453246
0,9698.98315455196,39828.8941871614,91.1614852663928
1,10511.7176957585,42980.3511814679,122.636898795894
0,10260.6580971243,42121.2650254056,97.618102964217
1,9202.54431375492,37820.4790203641,108.087574476636
0,8654.14272180029,35744.3730995303,94.6268136578443
0,8264.10934970612,34163.9871085341,78.2616896770035
0,10685.6733954247,43710.3806572666,107.993102083074
0,7346.73145614561,30425.2354878414,80.6944261170273
0,8330.23579465955,34467.1289041294,94.8840004805482
0,7868.27634524843,32491.3418213458,94.6354680978803
1,8813.06351772347,36205.3871304107,107.993035291955
1,9011.22496931086,36909.1146723252,106.251088348048
1,9833.05777774971,40281.0676075407,110.412805881842
1,9701.84494472443,39873.2764797471,111.576990702962
0,7778.80862549792,32077.7467972294,70.4202431396931
1,10574.7158460206,43254.1816852051,127.016532314631
1,11199.0049728768,45783.1143322073,120.657251647289
1,11640.9403530743,47543.972022768,131.639508863281
1,9211.23528948466,37960.2923705875,114.312888219632
1,9046.41674361604,37030.5696040408,109.266777986343
0,9367.8967261842,38498.7071729486,115.876081867875
0,10346.5930712259,42575.746801442,97.221484136994
0,11912.6115173044,48752.1436788022,115.360501232441
0,7366.06502669555,30518.1336791943,65.6404077875113
0,10032.1078447032,41073.7817623152,114.122293140383
1,11087.9385049101,45280.3758205741,110.570417479817
0,8815.77519820528,36289.9086701035,97.0695947900459
0,8962.11261470144,36865.7948778875,82.5272716141291
1,8971.88035058063,36708.5596915906,125.481700049215
0,11547.8225756556,47172.120698714,105.563026988166
0,11089.6641348582,45242.66204659,111.871409706129
1,6452.8067247171,26800.5125075393,113.130495112076
0,9245.28498203642,37864.9293306119,97.2924156361292
0,7142.2919513303,29575.0974739097,86.709416638479
0,9621.64154614224,39462.6204232045,89.9226477556722
0,8999.72432633165,36980.5681317097,87.985788189956
0,9394.92722106612,38595.9685800944,106.14388138476
0,9370.31638398028,38351.4437177209,94.0249841302819
1,9235.94394501288,37966.2496845574,133.787966032142
0,9104.99619367347,37590.1286039243,95.701008602199
0,11279.9036171569,46180.3902489642,101.832990174023
0,8388.3979081215,34653.8923073242,112.816052419637
0,8830.19337215932,36350.7530972817,110.167921193447
0,9247.16510074161,38127.9321178109,96.6459753717985
0,8123.07421241673,33680.6509280973,91.4316628694409
1,9724.81123919751,39851.9240909728,108.907505265028
0,7894.08317129699,32518.9878293618,83.5070151871352
0,8601.0730493423,35447.997113459,83.3210310441818
0,8093.03973721882,33218.1345011467,63.5251963632413
0,9333.6546467817,38338.8779666335,95.7556254688564
1,8261.13721978646,34150.692072318,101.751259678786
0,11146.3893549654,45465.110237523,99.7741909736152
1,7216.14365993837,30074.0671410794,83.883885540154
0,10285.2098048179,42040.6208015139,87.1857582299051
0,9419.63751584799,38699.122615487,103.922729977969
0,8992.28146955013,36916.8350741844,82.8366927032583
0,7314.57477128212,30201.7209377406,98.4631327720709
1,8175.97164312431,33587.09425353,97.2125854203143
0,11581.4665170616,47502.5492064837,115.980632365314
1,10808.4560551814,44269.7207502112,128.982601765347
0,9158.97779519851,37447.4085074743,94.1413695177133
0,8671.18792372288,35497.655336389,93.7794176167448
0,9245.78741079223,37895.7658212754,90.0150095744946
1,8843.36027835191,36235.4609177532,108.68391049943
1,9293.27182282417,38222.1889166509,115.608889809386
0,10199.0026966479,41742.6105353198,95.4876709942631
0,8992.4881306168,36943.4513391944,74.6899874947227
0,9767.15611307959,40103.9174179809,97.8350225348092
0,8458.45379209821,34941.4284829286,95.9458893716439
0,5620.53279612561,23613.1997636683,74.8662308053194
1,8071.41428140121,33204.2287972166,114.753617219972
0,7094.45743217604,29287.1997235308,82.5264738504362
0,9755.73122596807,40047.2848440525,106.681011258046
0,11816.1961844174,48296.98607864,109.36621311623
1,9548.7649497253,39268.7347377839,130.717836319972
1,7871.27559839138,32352.9659693205,99.2842330265125
0,9318.52695728568,38269.8721777508,106.298636263249
1,6404.87999643258,26564.2073348699,101.846960509108
1,4864.74017850188,20512.1525394259,94.4619590891442
1,10935.6717049017,44814.9160331349,126.069803249379
0,7121.23410727132,29630.2285309888,80.4039898780672
0,9101.86155456213,37396.30532655,88.7693036924949
0,7928.01418618993,32579.801719394,90.2545202986898
0,11856.2709535858,48384.1528941404,114.163409832259
1,7743.18763586351,31937.4422413554,100.755663804951
0,8623.43774469331,35219.2175397392,85.9265716248839
0,7874.33573443343,32439.7747548065,71.6072252004715
0,8977.1146493149,37023.1216162864,89.5972236972424
1,6955.01868532098,28743.9349092785,103.062680000706
0,5984.51598464725,24981.804917678,69.7892392639505
0,8781.87548816387,36021.1729046473,89.6340582767788
1,11779.3070293059,48105.4297881405,120.130447825691
0,9818.65765470108,40411.5694388956,103.927691214192
1,9158.54885429357,37527.6534145646,110.372705782474
0,7503.88021866061,31175.8158653122,74.194281144508
1,10484.32044485,42818.9194810094,115.002180398849
0,5746.56755472617,23983.4577056075,88.5398242734833
0,11295.660584914,46270.4893377052,102.571460767777
0,7156.90214808721,29637.0815359832,83.616216693017
1,8297.98775401425,34280.7824062116,92.9167258547957
0,8323.17570405294,34241.5474440405,78.4829940663031
0,10209.197215465,41952.8036266734,116.400636031715
0,9776.95149859354,40110.3498863469,95.4966164577703
0,8970.19467595924,36934.1342038739,106.569592831109
0,8039.7175077966,33183.5599351329,87.8575481574459
1,8728.28868846961,35921.1189160546,113.736678983004
0,6603.06839313938,27358.422209124,84.8355948124886
1,7817.80001520066,32260.2674404954,114.089316029952
0,9919.09507164704,40757.9782869014,116.357077431576
0,10721.167812062,44070.0568928699,100.721484613268
1,11363.1260038037,46543.1117490551,115.086517747113
0,9361.3215740851,38380.891786703,71.8476846159636
1,10049.1572022766,41168.3621487656,117.017834688309
0,7939.14437306795,32719.9682757343,61.1223674067787
0,10556.6829603389,43198.4427868705,99.6916842123468
0,8804.34356152927,36188.3323745695,76.0542827217338
0,8679.83404724066,35668.3946843992,101.49360193726
0,9291.65980730077,38150.8369239278,96.255598365466
0,8971.65169788695,37001.3781949019,113.634141256024
1,11115.4997211257,45552.8965724739,127.728645206263
0,9517.96662076911,39076.7638369372,95.9016473575491
0,7401.39594992252,30693.6635330388,72.8346040078033
1,8492.19844669388,34937.7147421379,98.7607299868998
1,10316.7148036437,42231.7796208791,108.638237311718
0,6551.47689347583,27424.1409470374,83.4982954438282
0,9112.98661801526,37297.5097768672,96.8686207464629
0,9191.08567603954,37636.2672190937,85.7902534700911
1,8754.5644723105,36130.6180095921,100.80650553108
0,9129.43676193151,37587.4327242146,108.692633786711
0,11553.1505817378,47097.2676559674,116.932432547776
0,8236.56850974376,33872.9133785366,89.0701638586769
0,8081.80146508077,33252.5930243855,78.3558767352599
0,9086.22448418964,37520.2748215187,96.275319858275
1,11025.6956586936,45149.8005177734,127.896733363059
0,8708.5120610946,35824.4164283089,82.6410440148115
0,8786.72532070705,36188.0317625075,97.901479008388
1,8411.55099682329,34696.9089612451,126.008364256044
0,10596.1750336854,43334.0161952411,98.9573991326275
0,10530.6505007888,43066.4578992196,87.9358495281197
0,7230.71952930325,29914.6599739547,75.1928048409914
0,6180.81469025116,25652.4675391026,74.4072302617482
0,6499.93221446548,27047.8561652297,60.2229728493078
0,8794.61075355337,36223.5025304219,102.154821656114
1,8870.31830686793,36480.0839639266,125.728424654854
0,8199.39387106874,33648.2518907325,79.8532329668524
0,7332.158517095,30256.4212392472,82.1049697397177
0,8491.20522166969,35083.9003665587,76.8902742080377
0,7612.47382076798,31527.0470242285,89.4226496362989
0,10981.8869089816,45001.6594859044,113.724269852194
0,9191.06386929808,37980.6648586122,103.737099227635
0,8828.46971881215,36085.5315805418,79.0521715693095
0,10400.1942420284,42386.1354642126,92.7009706103436
0,8924.36385138498,36528.8139879002,95.1384195533364
1,10439.2997418264,42668.7087105359,124.023096158269
1,8936.00401909838,36693.8526906568,112.363334837206
0,9791.72156376948,40101.4344847437,109.010700799515
0,8900.33260542537,36516.1292217621,90.5486056756958
0,7262.30371178509,30038.5790571002,84.5538231994417
0,8987.82345873722,36883.7223421128,78.7564258934579
0,9525.67194075272,39093.9652661329,95.8552087312233
0,10007.9737811171,41039.1137749578,90.4808920452456
0,9677.74531701107,39420.2378925241,88.7882027675997
0,10714.0902794847,43847.4467836926,106.068995932296
0,10516.5079287534,43129.6538687109,124.158201572092
0,9242.74721089873,37854.1292445457,91.8902035548519
0,9770.81989226451,40377.1191458727,113.505238704936
1,10142.0563255821,41497.7641345869,118.971151196699
0,10955.4725749321,44894.8861091745,105.027004152684
1,8342.00364353029,34517.2102618828,124.509801483595
0,7732.96567864845,31917.3742509003,79.2495370136389
1,11218.6681646697,45641.4662778034,118.498428822327
0,9817.03182980758,40280.9606170809,84.0447040325559
0,10539.8775863336,43261.3550513469,107.325049985588
0,11126.4941212303,45376.6786159619,108.991478053784
0,7824.65332801717,32287.6274498357,99.7343879734419
0,10026.9470410947,40996.8924591557,86.1619526014616
0,6767.73499508714,28287.2344553199,94.9664978264575
0,10117.3374100551,41484.7843138694,107.827457282511
0,9418.47148389124,38669.2568861497,92.3088249423298
1,8471.03645747649,34871.5008275537,105.834349778439
1,7341.66744798714,30351.1761861458,111.544293680923
0,6846.19927810566,28518.2082295486,90.2382149299046
1,8707.33654418156,36093.7155320599,106.539896039935
0,9009.17989235364,37065.8980079616,105.181467188737
0,8861.11469609622,36424.3599553812,101.724997391058
0,7836.75987645985,32260.3103640314,88.8757003097788
0,6535.78381456394,27070.9943949351,93.9506713182546
0,11389.4434210064,46731.4094664666,121.155814150496
0,9564.10594545162,39218.8351163144,98.5516791659872
0,7487.51306824961,30982.628780412,96.583620295904
0,7679.09719917513,31637.1291730193,83.4454907672684
1,11820.777824046,48085.5905257946,125.501080292817
0,8620.19831918149,35451.9378072715,62.2052248674832
1,6765.64652610464,28062.1901803008,113.854158183779
0,6934.32645818388,28747.2965816061,72.8692043525994
0,7662.03759155339,31540.3405858598,82.9019887399772
0,9118.13988341549,37637.1339762722,99.1909873366273
0,9386.29267603081,38553.1761329648,69.6997114102597
0,6870.33722120593,28376.2977373794,82.4920502080402
0,8689.60444839517,35872.9980327983,105.707030316624
0,10108.2857093354,41424.6901814898,104.444766440361
0,8225.50508223284,33927.747045488,75.6714009740379
0,9347.22098508747,38227.6498055935,93.9121434430578
0,9823.47606118796,40197.9619768713,99.5341213005913
1,9220.93782658099,37896.9395429765,114.36934796813
0,9106.37620464863,37374.9007860622,106.272637525494
0,8895.12590073747,36662.9051162354,80.1793954477923
0,7114.75086027727,29559.9307442504,75.1611020090101
0,6512.16402171511,27103.7589870126,75.2070237900886
0,9770.68727450969,40146.0963465596,102.625410206605
0,10835.4203412421,44561.1849094374,111.672976684591
0,8379.21361737536,34565.1627174659,81.5387910279487
1,9113.92866972983,37448.532654777,113.935314624764
1,8541.42299350819,35200.6818031593,106.124740421217
0,7696.56891460763,31743.8735746807,78.6371106632693
1,6868.03559137274,28550.063535369,94.1133772308111
0,11677.041546999,47722.2275061965,111.290218948488
1,9906.6866551203,40727.8423109142,109.675465496526
1,9383.91493435045,38394.0267836211,118.611607441206
0,5920.08192063492,24782.9772969916,87.321420419214
0,11400.0914349411,46669.0142046299,99.3101438507054
0,7450.29294482839,30817.8104473276,81.1993368792085
0,10273.118732229,42139.7692157778,89.3653808660827
0,11093.5482384474,45194.9283976211,106.605149220279
0,8330.94802273725,34224.0498316199,63.8316338203693
1,6942.43956542554,28671.8732037136,92.4304786602919
1,7515.76282865454,31178.1047391944,97.9442250613189
0,7793.64561836678,32233.6201869069,90.8146049461757
0,9755.60642750465,39981.3143933746,103.308336646661
1,9169.69199500541,37791.5903007012,109.697226222239
1,8575.3072124593,35141.1509347185,110.10369256865
0,5972.44405411015,24930.9577338349,68.2613996185727
0,7281.15725438479,30210.6573808782,70.94658310231
0,9934.1961517331,40820.441116555,103.772254868402
1,11335.5812281871,46399.306555276,146.954430253219
0,7293.42660680175,30056.5929235114,98.964645036529
0,7285.60236080347,30130.1607766461,97.0773133688101
0,8523.5124387221,34980.0038307441,64.0955203602033
0,9406.57280453748,38571.6600641483,84.5560774605533
0,12057.8519180266,49190.1254276992,115.537977054216
0,7818.24443889381,32270.8153358292,91.7666250810109
0,10735.6065303231,43888.3996962237,113.811488537765
0,9175.87422828992,37768.2011244818,79.3003271625032
1,9853.39614324708,40407.3101364185,102.742709719602
0,8744.36093982287,35971.6544592615,101.009250476968
0,10571.120016309,43284.9288487265,99.8988700813207
0,8102.52067325667,33346.1778785125,99.0209262794226
0,10582.8705539896,43324.9847800476,125.107273100034
1,9886.85728219244,40635.5682398742,119.769898330702
0,6715.52105795774,27853.5989255503,78.947385115665
1,9032.59155094676,37071.0891122526,102.400505333844
0,9109.10408650859,37458.5214716119,93.3664410623485
0,9080.56819858542,37295.1361900047,94.9666477917894
0,9029.39628375272,37084.0808615808,84.6411531480529
1,9414.77776443154,38595.4881489812,128.29319853397
1,9062.14301899189,37109.5882564801,113.756022929886
0,9689.87086408712,39768.0033556411,77.714573231231
0,7830.54699689394,32322.9787347064,91.673678075627
0,10941.2348017936,44747.8663807802,95.0945417706668
0,10588.7318022427,43465.037122916,106.781065662381
0,10286.8462006895,42433.5001417851,112.360148937672
0,7731.90414149394,31849.1532071575,61.4694403710999
0,10501.6949334473,43057.0915595719,104.659550699652
0,10923.3190683687,44668.6131862774,107.358044987311
0,10491.4113503506,42939.4234242598,102.404495075017
1,10091.3873731514,41542.9550357153,136.123535968353
0,10249.3677912288,41972.733428292,95.6915808709709
0,9209.85454857613,37939.7748952381,94.9624792769432
0,8758.70257445759,36056.7702705993,108.959846449937
1,5954.71745517158,24842.3589654484,90.2879168733871
1,8483.49930391136,35044.3623045249,113.90625434763
0,6411.1193847421,26703.3737021191,65.2320091901414
0,9290.72826249202,38189.8819580754,80.7767591471845
1,9660.50400238908,39774.1935597747,125.777489726221
1,10838.9656272273,44275.5506757233,121.165528837661
0,10373.8838541774,42613.6154658815,113.670794727802
0,9169.3637149068,37709.0213935262,101.745059642338
1,9810.1944006921,40250.9019812386,105.162261414605
1,9266.05749005659,38243.4793883589,122.98956518055
0,6747.14611025211,28185.7889969074,86.1999020157028
0,7842.41553913197,32494.6843952944,67.8411498640513
1,7587.66341177362,31327.1676714465,107.051093413368
0,8846.01786015976,36470.8580438708,84.1226713504676
0,11901.5311439687,48646.2723934538,108.574256281261
0,9543.508504758,39063.2638519283,101.497954168191
0,5935.41565754846,24590.6712566633,84.5121162972983
1,8174.36883988245,33662.2536128649,116.961920029017
1,11225.0554523868,45889.2107006044,131.816256587712
0,7434.73277791476,30601.4148580586,83.6269610041082
0,7057.24006828212,29123.5206195884,77.7664710601669
0,7306.98587921065,30081.3895095379,81.6606974470088
0,10144.7974394519,41569.3657809594,102.431104182094
0,6873.83827360832,28447.5121073196,96.5826634787096
1,6473.47040810982,26768.4294100623,115.402153454583
0,8534.34693235234,35305.8686164366,99.667814780683
0,9809.7119067664,40310.9094781421,88.7796937149534
1,5496.3006312616,22868.4916145272,78.8748063984597
0,10089.0797568416,41337.2375736263,111.59055883937
0,10098.7404339804,41317.5691183299,97.7122026615164
0,5940.25707959286,24706.0313363202,60.957974013552
1,11108.7275561374,45472.1885075113,124.614023793274
0,9397.88736477732,38596.4712667694,102.225306998209
1,7226.80722275262,29848.1523970396,79.5826682013195
0,10705.4150269328,43853.7527147195,98.4523176243117
1,8705.36298888825,35896.7628900668,113.046587232398
0,7809.07367712055,32177.4470915796,69.0146527563098
0,11246.3227938729,45749.512473369,70.5957855362406
0,11654.831824159,47441.0889994547,105.968113507934
0,10045.792865575,41113.9463914733,93.035487404063
0,9229.24175051163,38104.2430392807,98.8593317736293
0,7951.71600296235,32976.6292087691,87.6171331934553
0,8412.08227643294,34733.0990525889,92.8148063545804
0,8925.16882727965,36946.4825896985,92.9172468160248
0,7751.672712293,32205.8685186025,91.6771887442325
0,9832.4400201256,40391.8516761306,97.8254616486552
1,8437.61933837648,34771.9184468614,119.653581768525
0,6961.68563745698,28904.8773299411,94.2096490750725
0,10724.13166689,43939.8435975768,88.1389904252693
0,7020.46140643392,29010.8375323365,82.8439532463775
1,10602.0152560283,43288.1602967638,120.307037394284
0,9424.7585996174,38659.3653120198,95.8243612213403
0,8884.97336144637,36500.9041380631,110.872245906118
1,8063.45337798315,33287.7275422783,110.771785748105
1,9263.35475138099,38090.0803195692,141.948186010834
0,7470.19847425393,30818.718960721,84.6988780252574
1,5887.22152997482,24481.6904485461,107.59203718867
